Vote-Distinct	Cnt
Mary Peltola-Nick Begich-No Vote-No Vote	21500
Sarah Palin-Nick Begich-No Vote-No Vote	20346
Mary Peltola-No Vote-No Vote-No Vote	19461
Sarah Palin-No Vote-No Vote-No Vote	18954
Nick Begich-Sarah Palin-No Vote-No Vote	17368
Mary Peltola-Nick Begich-Sarah Palin-No Vote	14576
Nick Begich-No Vote-No Vote-No Vote	9796
Sarah Palin-Nick Begich-Mary Peltola-No Vote	9224
Nick Begich-Mary Peltola-Sarah Palin-No Vote	6454
Nick Begich-Sarah Palin-Mary Peltola-No Vote	6175
Nick Begich-Mary Peltola-No Vote-No Vote	5503
Mary Peltola-WriteIn-No Vote-No Vote	3148
No Vote-No Vote-No Vote-No Vote	2777
Mary Peltola-Sarah Palin-Nick Begich-No Vote	2439
Sarah Palin-Mary Peltola-Nick Begich-No Vote	2393
Mary Peltola-WriteIn-Nick Begich-Sarah Palin	2387
Mary Peltola-WriteIn-Nick Begich-No Vote	2137
Mary Peltola-Nick Begich-WriteIn-No Vote	1972
Mary Peltola-Nick Begich-WriteIn-Sarah Palin	1916
Sarah Palin-Nick Begich-WriteIn-No Vote	1162
Nick Begich-Sarah Palin-WriteIn-No Vote	1135
Sarah Palin-Sarah Palin-Sarah Palin-Sarah Palin	1058
Mary Peltola-Nick Begich-No Vote-Sarah Palin	1050
Mary Peltola-Sarah Palin-No Vote-No Vote	901
Sarah Palin-Nick Begich-WriteIn-Mary Peltola	830
Nick Begich-Mary Peltola-WriteIn-Sarah Palin	744
Nick Begich-Mary Peltola-No Vote-Sarah Palin	675
Sarah Palin-Nick Begich-No Vote-Mary Peltola	539
Nick Begich-Sarah Palin-WriteIn-Mary Peltola	510
Nick Begich-Mary Peltola-WriteIn-No Vote	507
WriteIn-No Vote-No Vote-No Vote	499
Mary Peltola-WriteIn-Sarah Palin-Nick Begich	492
Mary Peltola-Mary Peltola-Mary Peltola-Mary Peltola	474
Sarah Palin-Mary Peltola-No Vote-No Vote	464
Sarah Palin-WriteIn-No Vote-No Vote	460
Mary Peltola-No Vote-Nick Begich-Sarah Palin	453
Nick Begich-WriteIn-No Vote-No Vote	413
WriteIn-Mary Peltola-Nick Begich-Sarah Palin	386
Nick Begich-Nick Begich-Nick Begich-Nick Begich	375
Nick Begich-WriteIn-Mary Peltola-Sarah Palin	329
Mary Peltola-Nick Begich-Sarah Palin-WriteIn	294
Sarah Palin-WriteIn-Nick Begich-No Vote	292
Sarah Palin-WriteIn-Nick Begich-Mary Peltola	288
Sarah Palin-Nick Begich-Mary Peltola-WriteIn	277
Nick Begich-No Vote-Mary Peltola-Sarah Palin	271
Nick Begich-WriteIn-Sarah Palin-No Vote	271
Nick Begich-Sarah Palin-No Vote-Mary Peltola	269
WriteIn-Nick Begich-Mary Peltola-Sarah Palin	256
Mary Peltola-WriteIn-Sarah Palin-No Vote	252
WriteIn-Mary Peltola-Nick Begich-No Vote	238
WriteIn-Mary Peltola-No Vote-No Vote	221
WriteIn-Nick Begich-No Vote-No Vote	218
WriteIn-Nick Begich-Sarah Palin-No Vote	213
Nick Begich-WriteIn-Sarah Palin-Mary Peltola	202
WriteIn-Nick Begich-Sarah Palin-Mary Peltola	178
Nick Begich-Sarah Palin-Mary Peltola-WriteIn	178
Sarah Palin-No Vote-Nick Begich-Mary Peltola	160
No Vote-Sarah Palin-No Vote-No Vote	154
Nick Begich-WriteIn-Mary Peltola-No Vote	152
No Vote-Nick Begich-No Vote-No Vote	145
WriteIn-Nick Begich-Mary Peltola-No Vote	145
Sarah Palin-No Vote-Mary Peltola-Nick Begich	132
WriteIn-Sarah Palin-Nick Begich-Mary Peltola	130
Nick Begich-Mary Peltola-Sarah Palin-WriteIn	130
Sarah Palin-WriteIn-Mary Peltola-Nick Begich	119
WriteIn-Sarah Palin-Nick Begich-No Vote	115
Sarah Palin-Sarah Palin-Sarah Palin-No Vote	114
Sarah Palin-Mary Peltola-No Vote-Nick Begich	100
WriteIn-Sarah Palin-No Vote-No Vote	100
WriteIn-Mary Peltola-Sarah Palin-Nick Begich	98
Sarah Palin-Nick Begich-Sarah Palin-Nick Begich	93
overvote-No Vote-No Vote-No Vote	93
Nick Begich-No Vote-No Vote-Sarah Palin	92
Sarah Palin-No Vote-Nick Begich-No Vote	89
Mary Peltola-Mary Peltola-Mary Peltola-No Vote	86
Sarah Palin-Nick Begich-Sarah Palin-Sarah Palin	83
Mary Peltola-No Vote-Nick Begich-No Vote	82
Mary Peltola-Sarah Palin-Nick Begich-WriteIn	78
Mary Peltola-Sarah Palin-WriteIn-No Vote	77
Sarah Palin-Mary Peltola-Nick Begich-WriteIn	77
Sarah Palin-No Vote-No Vote-Nick Begich	76
Sarah Palin-Sarah Palin-No Vote-No Vote	73
Mary Peltola-Sarah Palin-WriteIn-Nick Begich	67
Sarah Palin-Mary Peltola-WriteIn-Nick Begich	67
Nick Begich-Sarah Palin-Nick Begich-Sarah Palin	67
Nick Begich-No Vote-Sarah Palin-Mary Peltola	67
No Vote-Nick Begich-Sarah Palin-No Vote	63
Mary Peltola-No Vote-No Vote-overvote	61
Nick Begich-No Vote-Sarah Palin-No Vote	57
Mary Peltola-No Vote-Sarah Palin-Nick Begich	53
Nick Begich-Nick Begich-Nick Begich-No Vote	52
Sarah Palin-Nick Begich-WriteIn-WriteIn	52
Mary Peltola-No Vote-No Vote-Nick Begich	51
Mary Peltola-No Vote-No Vote-Sarah Palin	51
Mary Peltola-Nick Begich-Mary Peltola-No Vote	51
Sarah Palin-overvote-No Vote-No Vote	51
Nick Begich-No Vote-No Vote-overvote	50
WriteIn-Sarah Palin-Mary Peltola-Nick Begich	47
Nick Begich-Sarah Palin-Nick Begich-Nick Begich	47
Sarah Palin-Nick Begich-Sarah Palin-No Vote	46
Mary Peltola-Mary Peltola-No Vote-No Vote	44
Sarah Palin-No Vote-No Vote-overvote	44
Mary Peltola-Sarah Palin-No Vote-Nick Begich	43
Nick Begich-Sarah Palin-Nick Begich-No Vote	38
Sarah Palin-Nick Begich-Nick Begich-No Vote	36
Mary Peltola-No Vote-Sarah Palin-No Vote	35
Sarah Palin-Sarah Palin-Nick Begich-Nick Begich	35
Nick Begich-Nick Begich-No Vote-No Vote	34
No Vote-Sarah Palin-Mary Peltola-No Vote	33
Sarah Palin-Nick Begich-Nick Begich-Nick Begich	33
Sarah Palin-WriteIn-WriteIn-WriteIn	31
Mary Peltola-Nick Begich-Mary Peltola-Mary Peltola	31
No Vote-Nick Begich-Mary Peltola-Sarah Palin	30
overvote-Nick Begich-No Vote-No Vote	30
Sarah Palin-Mary Peltola-WriteIn-No Vote	30
Mary Peltola-Nick Begich-Sarah Palin-Sarah Palin	30
Sarah Palin-No Vote-Mary Peltola-No Vote	29
Mary Peltola-Nick Begich-Mary Peltola-Nick Begich	28
Sarah Palin-Sarah Palin-Sarah Palin-Nick Begich	28
WriteIn-WriteIn-WriteIn-WriteIn	27
Mary Peltola-Nick Begich-Nick Begich-No Vote	27
Nick Begich-Mary Peltola-Nick Begich-Mary Peltola	27
Nick Begich-Sarah Palin-WriteIn-WriteIn	27
Sarah Palin-WriteIn-Mary Peltola-No Vote	25
No Vote-Mary Peltola-No Vote-No Vote	25
Nick Begich-No Vote-Mary Peltola-No Vote	23
Nick Begich-Mary Peltola-Nick Begich-No Vote	23
WriteIn-Sarah Palin-Mary Peltola-No Vote	22
No Vote-No Vote-No Vote-Sarah Palin	21
No Vote-Mary Peltola-Nick Begich-No Vote	20
No Vote-Mary Peltola-Nick Begich-Sarah Palin	20
Nick Begich-Mary Peltola-Sarah Palin-Sarah Palin	20
Sarah Palin-Nick Begich-No Vote-WriteIn	19
Mary Peltola-WriteIn-Nick Begich-WriteIn	19
Mary Peltola-Nick Begich-WriteIn-WriteIn	19
WriteIn-Mary Peltola-Sarah Palin-No Vote	19
No Vote-Sarah Palin-Nick Begich-No Vote	18
No Vote-Nick Begich-Mary Peltola-No Vote	18
Sarah Palin-overvote-Mary Peltola-No Vote	18
Sarah Palin-Nick Begich-Mary Peltola-Mary Peltola	18
Sarah Palin-No Vote-No Vote-Mary Peltola	17
Sarah Palin-Sarah Palin-Nick Begich-No Vote	17
No Vote-No Vote-No Vote-overvote	17
overvote-Mary Peltola-No Vote-No Vote	17
Sarah Palin-Mary Peltola-Sarah Palin-No Vote	17
Nick Begich-Nick Begich-Sarah Palin-Sarah Palin	17
Mary Peltola-WriteIn-WriteIn-WriteIn	17
Mary Peltola-Nick Begich-No Vote-WriteIn	17
overvote-No Vote-No Vote-Sarah Palin	17
Nick Begich-Sarah Palin-Sarah Palin-No Vote	16
Nick Begich-Sarah Palin-Sarah Palin-Sarah Palin	16
Nick Begich-Nick Begich-Nick Begich-Sarah Palin	16
Mary Peltola-overvote-No Vote-No Vote	16
Nick Begich-Mary Peltola-Nick Begich-Nick Begich	16
Nick Begich-Mary Peltola-Mary Peltola-No Vote	15
Sarah Palin-Nick Begich-Mary Peltola-Sarah Palin	14
Nick Begich-Nick Begich-Mary Peltola-Mary Peltola	14
Nick Begich-Nick Begich-Sarah Palin-No Vote	14
No Vote-Nick Begich-No Vote-Sarah Palin	13
overvote-Nick Begich-Sarah Palin-No Vote	13
Nick Begich-overvote-No Vote-No Vote	13
Mary Peltola-Mary Peltola-Nick Begich-No Vote	13
overvote-Sarah Palin-No Vote-No Vote	13
Sarah Palin-Sarah Palin-Nick Begich-Mary Peltola	12
Sarah Palin-Mary Peltola-Mary Peltola-No Vote	12
Mary Peltola-Nick Begich-Sarah Palin-Mary Peltola	12
No Vote-No Vote-No Vote-Nick Begich	12
No Vote-Sarah Palin-Nick Begich-Mary Peltola	11
Nick Begich-Mary Peltola-No Vote-WriteIn	11
Mary Peltola-Mary Peltola-Mary Peltola-Nick Begich	11
Mary Peltola-Mary Peltola-Nick Begich-Nick Begich	11
Sarah Palin-Nick Begich-Sarah Palin-Mary Peltola	11
Nick Begich-Sarah Palin-Mary Peltola-Mary Peltola	11
No Vote-Mary Peltola-Sarah Palin-No Vote	11
Mary Peltola-Nick Begich-overvote-No Vote	11
Nick Begich-Mary Peltola-Mary Peltola-Mary Peltola	10
No Vote-No Vote-No Vote-Mary Peltola	10
No Vote-No Vote-Sarah Palin-No Vote	10
Nick Begich-Sarah Palin-Mary Peltola-Nick Begich	10
Nick Begich-Mary Peltola-Mary Peltola-Sarah Palin	10
Mary Peltola-Nick Begich-Mary Peltola-Sarah Palin	9
Nick Begich-WriteIn-No Vote-Sarah Palin	9
overvote-Nick Begich-Mary Peltola-No Vote	9
Mary Peltola-Sarah Palin-Mary Peltola-No Vote	9
Sarah Palin-Nick Begich-Mary Peltola-Nick Begich	9
Sarah Palin-Sarah Palin-Nick Begich-Sarah Palin	9
Nick Begich-No Vote-No Vote-Mary Peltola	9
Nick Begich-Nick Begich-Nick Begich-Mary Peltola	9
Mary Peltola-WriteIn-No Vote-Nick Begich	8
Nick Begich-Nick Begich-Mary Peltola-No Vote	8
Nick Begich-WriteIn-WriteIn-WriteIn	8
Mary Peltola-Mary Peltola-Nick Begich-Sarah Palin	8
Sarah Palin-Nick Begich-overvote-No Vote	8
Nick Begich-Mary Peltola-Nick Begich-Sarah Palin	8
No Vote-Nick Begich-Sarah Palin-Mary Peltola	8
Sarah Palin-WriteIn-Sarah Palin-Sarah Palin	8
Nick Begich-Mary Peltola-WriteIn-WriteIn	8
Mary Peltola-Mary Peltola-Sarah Palin-No Vote	8
No Vote-No Vote-Mary Peltola-No Vote	8
Nick Begich-Mary Peltola-Sarah Palin-Nick Begich	8
Sarah Palin-Nick Begich-Nick Begich-Sarah Palin	8
Mary Peltola-Mary Peltola-Mary Peltola-WriteIn	7
Nick Begich-Sarah Palin-No Vote-WriteIn	7
Mary Peltola-Nick Begich-Nick Begich-Nick Begich	7
Sarah Palin-Nick Begich-Sarah Palin-WriteIn	7
overvote-Mary Peltola-Sarah Palin-No Vote	7
No Vote-Sarah Palin-Mary Peltola-Nick Begich	7
Sarah Palin-Mary Peltola-Nick Begich-Mary Peltola	7
overvote-Mary Peltola-No Vote-Sarah Palin	7
Sarah Palin-Sarah Palin-Mary Peltola-Nick Begich	7
No Vote-No Vote-Nick Begich-No Vote	7
overvote-Mary Peltola-Nick Begich-No Vote	7
Mary Peltola-Mary Peltola-Nick Begich-Mary Peltola	7
Sarah Palin-Mary Peltola-Nick Begich-Nick Begich	7
overvote-No Vote-No Vote-Mary Peltola	7
Sarah Palin-WriteIn-Sarah Palin-WriteIn	6
Mary Peltola-No Vote-overvote-No Vote	6
Sarah Palin-Sarah Palin-Sarah Palin-WriteIn	6
Mary Peltola-Nick Begich-WriteIn-Mary Peltola	6
Mary Peltola-Sarah Palin-Sarah Palin-No Vote	6
Sarah Palin-overvote-Nick Begich-No Vote	6
Nick Begich-Sarah Palin-Nick Begich-Mary Peltola	6
Sarah Palin-Mary Peltola-Sarah Palin-Sarah Palin	6
Mary Peltola-Sarah Palin-Nick Begich-Mary Peltola	6
WriteIn-Nick Begich-No Vote-Sarah Palin	6
Sarah Palin-Nick Begich-WriteIn-Sarah Palin	6
Sarah Palin-No Vote-overvote-No Vote	6
Nick Begich-Sarah Palin-WriteIn-Nick Begich	6
Sarah Palin-Nick Begich-No Vote-Sarah Palin	6
Mary Peltola-WriteIn-Nick Begich-Nick Begich	6
No Vote-Sarah Palin-No Vote-Mary Peltola	5
Mary Peltola-Nick Begich-Mary Peltola-WriteIn	5
Nick Begich-overvote-Sarah Palin-No Vote	5
Sarah Palin-WriteIn-No Vote-Nick Begich	5
Nick Begich-Mary Peltola-Sarah Palin-Mary Peltola	5
Nick Begich-Mary Peltola-overvote-No Vote	5
overvote-Nick Begich-No Vote-Sarah Palin	5
Mary Peltola-Nick Begich-Sarah Palin-Nick Begich	5
Nick Begich-Nick Begich-Mary Peltola-Sarah Palin	5
overvote-No Vote-Sarah Palin-No Vote	5
Sarah Palin-No Vote-No Vote-WriteIn	5
Nick Begich-No Vote-overvote-No Vote	5
Sarah Palin-WriteIn-Nick Begich-Sarah Palin	5
Mary Peltola-overvote-Nick Begich-No Vote	5
Mary Peltola-Nick Begich-WriteIn-overvote	5
Nick Begich-overvote-Mary Peltola-No Vote	5
Sarah Palin-Nick Begich-WriteIn-Nick Begich	5
overvote-Sarah Palin-Nick Begich-No Vote	4
Sarah Palin-Mary Peltola-Nick Begich-Sarah Palin	4
Mary Peltola-Nick Begich-Nick Begich-Mary Peltola	4
Nick Begich-Nick Begich-Sarah Palin-Nick Begich	4
Mary Peltola-No Vote-Nick Begich-overvote	4
Mary Peltola-WriteIn-Nick Begich-Mary Peltola	4
Mary Peltola-WriteIn-No Vote-Sarah Palin	4
Mary Peltola-overvote-Sarah Palin-No Vote	4
Mary Peltola-WriteIn-Sarah Palin-Mary Peltola	4
Mary Peltola-WriteIn-WriteIn-No Vote	4
Nick Begich-No Vote-Mary Peltola-overvote	4
Nick Begich-Nick Begich-Mary Peltola-Nick Begich	4
No Vote-Mary Peltola-Sarah Palin-Nick Begich	4
overvote-overvote-overvote-overvote	4
Nick Begich-Nick Begich-Sarah Palin-Mary Peltola	4
Mary Peltola-WriteIn-Mary Peltola-Mary Peltola	4
Nick Begich-Mary Peltola-Mary Peltola-Nick Begich	4
Sarah Palin-Nick Begich-Nick Begich-Mary Peltola	4
Sarah Palin-Sarah Palin-Mary Peltola-No Vote	4
Sarah Palin-Sarah Palin-Nick Begich-WriteIn	3
Sarah Palin-Mary Peltola-No Vote-WriteIn	3
Nick Begich-Sarah Palin-WriteIn-Sarah Palin	3
Mary Peltola-overvote-Nick Begich-Sarah Palin	3
Mary Peltola-Sarah Palin-Nick Begich-Sarah Palin	3
Sarah Palin-WriteIn-No Vote-overvote	3
Mary Peltola-Nick Begich-Nick Begich-Sarah Palin	3
Mary Peltola-Nick Begich-No Vote-overvote	3
Nick Begich-overvote-overvote-overvote	3
Nick Begich-Mary Peltola-No Vote-overvote	3
Sarah Palin-No Vote-Sarah Palin-No Vote	3
Nick Begich-Sarah Palin-Sarah Palin-Nick Begich	3
WriteIn-Nick Begich-Sarah Palin-WriteIn	3
overvote-overvote-No Vote-No Vote	3
Nick Begich-WriteIn-Mary Peltola-Nick Begich	3
Sarah Palin-No Vote-No Vote-Sarah Palin	3
No Vote-No Vote-No Vote-WriteIn	3
Sarah Palin-WriteIn-No Vote-Mary Peltola	3
Mary Peltola-No Vote-No Vote-Mary Peltola	3
Sarah Palin-Sarah Palin-WriteIn-No Vote	3
Nick Begich-Sarah Palin-No Vote-Sarah Palin	3
Sarah Palin-Sarah Palin-No Vote-Mary Peltola	3
Sarah Palin-Sarah Palin-Sarah Palin-Mary Peltola	3
Nick Begich-Sarah Palin-Mary Peltola-Sarah Palin	3
Nick Begich-Sarah Palin-overvote-No Vote	3
No Vote-Sarah Palin-No Vote-overvote	3
Mary Peltola-No Vote-Sarah Palin-overvote	3
No Vote-Nick Begich-No Vote-overvote	3
Mary Peltola-No Vote-WriteIn-No Vote	3
No Vote-overvote-No Vote-No Vote	3
Mary Peltola-Nick Begich-WriteIn-Nick Begich	3
Mary Peltola-WriteIn-Mary Peltola-WriteIn	3
Sarah Palin-Mary Peltola-Sarah Palin-Nick Begich	3
Mary Peltola-No Vote-No Vote-WriteIn	3
overvote-Nick Begich-Nick Begich-Nick Begich	3
No Vote-No Vote-Nick Begich-Sarah Palin	3
Sarah Palin-Mary Peltola-Mary Peltola-Nick Begich	3
WriteIn-Nick Begich-WriteIn-No Vote	3
WriteIn-No Vote-No Vote-overvote	2
Sarah Palin-WriteIn-Nick Begich-WriteIn	2
Nick Begich-WriteIn-Sarah Palin-Nick Begich	2
Mary Peltola-Nick Begich-overvote-Sarah Palin	2
Mary Peltola-No Vote-Sarah Palin-Sarah Palin	2
Sarah Palin-WriteIn-WriteIn-Nick Begich	2
WriteIn-Nick Begich-No Vote-overvote	2
Mary Peltola-Mary Peltola-Nick Begich-WriteIn	2
Nick Begich-WriteIn-Nick Begich-WriteIn	2
Mary Peltola-Mary Peltola-No Vote-Mary Peltola	2
Sarah Palin-overvote-No Vote-Mary Peltola	2
Sarah Palin-No Vote-WriteIn-No Vote	2
Nick Begich-Sarah Palin-Sarah Palin-Mary Peltola	2
Sarah Palin-No Vote-Mary Peltola-Mary Peltola	2
Mary Peltola-WriteIn-Mary Peltola-No Vote	2
No Vote-No Vote-Sarah Palin-Mary Peltola	2
WriteIn-Nick Begich-WriteIn-Sarah Palin	2
No Vote-Mary Peltola-No Vote-overvote	2
Nick Begich-WriteIn-Nick Begich-Sarah Palin	2
WriteIn-Sarah Palin-Nick Begich-WriteIn	2
No Vote-Mary Peltola-No Vote-Sarah Palin	2
overvote-Sarah Palin-No Vote-Mary Peltola	2
overvote-Nick Begich-Sarah Palin-Mary Peltola	2
No Vote-Nick Begich-Sarah Palin-Nick Begich	2
Mary Peltola-Sarah Palin-overvote-No Vote	2
Mary Peltola-Sarah Palin-WriteIn-WriteIn	2
Sarah Palin-Mary Peltola-WriteIn-overvote	2
WriteIn-Mary Peltola-Sarah Palin-Sarah Palin	2
WriteIn-Nick Begich-No Vote-Mary Peltola	2
No Vote-Mary Peltola-overvote-No Vote	2
overvote-Mary Peltola-Sarah Palin-WriteIn	2
Sarah Palin-No Vote-Nick Begich-Nick Begich	2
WriteIn-Sarah Palin-Nick Begich-Sarah Palin	2
Mary Peltola-No Vote-overvote-Sarah Palin	2
Mary Peltola-WriteIn-Nick Begich-overvote	2
Sarah Palin-overvote-Mary Peltola-WriteIn	2
overvote-Nick Begich-overvote-No Vote	2
No Vote-Nick Begich-No Vote-Nick Begich	2
WriteIn-No Vote-Sarah Palin-No Vote	2
WriteIn-Mary Peltola-WriteIn-WriteIn	2
Mary Peltola-WriteIn-Mary Peltola-Sarah Palin	2
Nick Begich-overvote-Nick Begich-Nick Begich	2
Mary Peltola-WriteIn-Sarah Palin-WriteIn	2
Nick Begich-WriteIn-Sarah Palin-WriteIn	2
Mary Peltola-Sarah Palin-Mary Peltola-Nick Begich	2
Sarah Palin-Nick Begich-overvote-Mary Peltola	2
Nick Begich-Sarah Palin-Nick Begich-WriteIn	2
WriteIn-Mary Peltola-Sarah Palin-WriteIn	2
Mary Peltola-overvote-No Vote-Sarah Palin	2
Mary Peltola-Nick Begich-Nick Begich-WriteIn	2
overvote-No Vote-Mary Peltola-No Vote	2
Sarah Palin-Sarah Palin-Sarah Palin-overvote	2
Sarah Palin-No Vote-Nick Begich-overvote	2
Nick Begich-Mary Peltola-WriteIn-Nick Begich	2
overvote-Nick Begich-No Vote-Mary Peltola	2
Sarah Palin-Sarah Palin-overvote-overvote	2
Sarah Palin-Mary Peltola-Sarah Palin-WriteIn	2
Sarah Palin-Mary Peltola-WriteIn-WriteIn	2
Nick Begich-No Vote-Nick Begich-No Vote	2
Mary Peltola-No Vote-WriteIn-Sarah Palin	2
overvote-No Vote-No Vote-overvote	2
Nick Begich-Mary Peltola-WriteIn-Mary Peltola	2
Sarah Palin-overvote-Sarah Palin-Sarah Palin	2
Nick Begich-Mary Peltola-No Vote-Mary Peltola	2
Mary Peltola-WriteIn-Sarah Palin-Sarah Palin	2
Sarah Palin-No Vote-Mary Peltola-Sarah Palin	2
WriteIn-Mary Peltola-Nick Begich-Mary Peltola	2
overvote-WriteIn-No Vote-No Vote	2
Nick Begich-No Vote-No Vote-WriteIn	2
WriteIn-WriteIn-WriteIn-overvote	1
WriteIn-Sarah Palin-No Vote-Mary Peltola	1
Mary Peltola-overvote-Sarah Palin-overvote	1
No Vote-Sarah Palin-Sarah Palin-Sarah Palin	1
Mary Peltola-overvote-Mary Peltola-overvote	1
Nick Begich-Sarah Palin-Sarah Palin-WriteIn	1
Nick Begich-overvote-WriteIn-Sarah Palin	1
Sarah Palin-No Vote-Sarah Palin-Mary Peltola	1
WriteIn-Sarah Palin-No Vote-Nick Begich	1
Nick Begich-Mary Peltola-overvote-Sarah Palin	1
No Vote-Nick Begich-WriteIn-No Vote	1
No Vote-Sarah Palin-No Vote-Sarah Palin	1
Mary Peltola-WriteIn-No Vote-overvote	1
Sarah Palin-Mary Peltola-No Vote-overvote	1
Sarah Palin-Sarah Palin-No Vote-Sarah Palin	1
WriteIn-Mary Peltola-Nick Begich-WriteIn	1
Mary Peltola-overvote-WriteIn-Sarah Palin	1
Sarah Palin-overvote-Mary Peltola-Nick Begich	1
Sarah Palin-Nick Begich-Nick Begich-WriteIn	1
Nick Begich-Mary Peltola-Sarah Palin-overvote	1
No Vote-No Vote-Sarah Palin-Sarah Palin	1
Nick Begich-overvote-overvote-No Vote	1
Nick Begich-Nick Begich-Mary Peltola-WriteIn	1
No Vote-Mary Peltola-No Vote-Nick Begich	1
No Vote-Mary Peltola-Mary Peltola-No Vote	1
Nick Begich-No Vote-Mary Peltola-WriteIn	1
Sarah Palin-WriteIn-WriteIn-Mary Peltola	1
Sarah Palin-No Vote-WriteIn-Mary Peltola	1
Sarah Palin-overvote-overvote-No Vote	1
overvote-Nick Begich-Mary Peltola-Sarah Palin	1
Nick Begich-overvote-Nick Begich-Sarah Palin	1
Sarah Palin-Nick Begich-overvote-overvote	1
No Vote-Nick Begich-Nick Begich-Sarah Palin	1
Nick Begich-WriteIn-Nick Begich-No Vote	1
Sarah Palin-WriteIn-WriteIn-No Vote	1
No Vote-No Vote-Nick Begich-Mary Peltola	1
overvote-WriteIn-No Vote-Mary Peltola	1
Sarah Palin-Nick Begich-overvote-Sarah Palin	1
overvote-WriteIn-Sarah Palin-No Vote	1
Sarah Palin-Sarah Palin-WriteIn-Sarah Palin	1
overvote-Mary Peltola-No Vote-Nick Begich	1
Mary Peltola-overvote-Mary Peltola-No Vote	1
Sarah Palin-WriteIn-overvote-overvote	1
Sarah Palin-Mary Peltola-Mary Peltola-WriteIn	1
Mary Peltola-WriteIn-WriteIn-Sarah Palin	1
overvote-WriteIn-Sarah Palin-Mary Peltola	1
Nick Begich-No Vote-WriteIn-Sarah Palin	1
Mary Peltola-No Vote-Nick Begich-Nick Begich	1
Sarah Palin-No Vote-WriteIn-Nick Begich	1
overvote-overvote-overvote-Mary Peltola	1
Sarah Palin-No Vote-WriteIn-WriteIn	1
Nick Begich-WriteIn-No Vote-WriteIn	1
overvote-Sarah Palin-overvote-No Vote	1
No Vote-overvote-Nick Begich-WriteIn	1
WriteIn-Nick Begich-overvote-Sarah Palin	1
No Vote-overvote-Nick Begich-No Vote	1
Nick Begich-No Vote-Sarah Palin-overvote	1
No Vote-No Vote-Sarah Palin-overvote	1
overvote-WriteIn-Mary Peltola-No Vote	1
Mary Peltola-Sarah Palin-No Vote-Sarah Palin	1
Mary Peltola-overvote-overvote-No Vote	1
Mary Peltola-Sarah Palin-Nick Begich-Nick Begich	1
Sarah Palin-Sarah Palin-WriteIn-WriteIn	1
Mary Peltola-overvote-Mary Peltola-Mary Peltola	1
overvote-overvote-Sarah Palin-Sarah Palin	1
overvote-Sarah Palin-Mary Peltola-No Vote	1
Mary Peltola-Sarah Palin-Mary Peltola-Sarah Palin	1
Sarah Palin-Sarah Palin-WriteIn-Mary Peltola	1
No Vote-No Vote-overvote-WriteIn	1
No Vote-No Vote-Mary Peltola-overvote	1
overvote-No Vote-Sarah Palin-Nick Begich	1
No Vote-No Vote-overvote-No Vote	1
No Vote-Sarah Palin-Mary Peltola-Mary Peltola	1
WriteIn-Mary Peltola-Mary Peltola-Mary Peltola	1
overvote-Sarah Palin-Sarah Palin-Sarah Palin	1
Mary Peltola-Mary Peltola-No Vote-Sarah Palin	1
Sarah Palin-No Vote-Mary Peltola-overvote	1
Nick Begich-No Vote-overvote-Sarah Palin	1
Mary Peltola-WriteIn-No Vote-WriteIn	1
Sarah Palin-Nick Begich-Nick Begich-overvote	1
No Vote-No Vote-Nick Begich-Nick Begich	1
Sarah Palin-overvote-overvote-overvote	1
Nick Begich-Mary Peltola-No Vote-Nick Begich	1
overvote-Mary Peltola-Mary Peltola-Mary Peltola	1
WriteIn-WriteIn-No Vote-No Vote	1
Nick Begich-Nick Begich-No Vote-Nick Begich	1
WriteIn-No Vote-Mary Peltola-overvote	1
Nick Begich-Mary Peltola-overvote-overvote	1
Mary Peltola-Sarah Palin-WriteIn-Sarah Palin	1
WriteIn-Nick Begich-Mary Peltola-WriteIn	1
WriteIn-No Vote-Mary Peltola-Nick Begich	1
No Vote-Mary Peltola-WriteIn-No Vote	1
No Vote-Mary Peltola-WriteIn-Sarah Palin	1
No Vote-Sarah Palin-overvote-No Vote	1
Sarah Palin-Mary Peltola-No Vote-Sarah Palin	1
Sarah Palin-Mary Peltola-Mary Peltola-Mary Peltola	1
No Vote-No Vote-Sarah Palin-Nick Begich	1
overvote-Sarah Palin-WriteIn-Nick Begich	1
Mary Peltola-WriteIn-Mary Peltola-Nick Begich	1
Nick Begich-Nick Begich-No Vote-Sarah Palin	1
overvote-Nick Begich-WriteIn-Mary Peltola	1
No Vote-Nick Begich-overvote-No Vote	1
Mary Peltola-Mary Peltola-Nick Begich-overvote	1
WriteIn-Mary Peltola-No Vote-Sarah Palin	1
overvote-Mary Peltola-WriteIn-Nick Begich	1
Nick Begich-Nick Begich-WriteIn-No Vote	1
No Vote-overvote-No Vote-Nick Begich	1
overvote-Nick Begich-Sarah Palin-WriteIn	1
overvote-Mary Peltola-Mary Peltola-Sarah Palin	1
WriteIn-WriteIn-WriteIn-Sarah Palin	1
Sarah Palin-Sarah Palin-Mary Peltola-Sarah Palin	1
Nick Begich-Mary Peltola-WriteIn-overvote	1
overvote-Mary Peltola-Sarah Palin-Sarah Palin	1
Sarah Palin-WriteIn-Sarah Palin-Nick Begich	1
WriteIn-Nick Begich-WriteIn-WriteIn	1
Mary Peltola-No Vote-Nick Begich-WriteIn	1
overvote-No Vote-Mary Peltola-Sarah Palin	1
Nick Begich-No Vote-WriteIn-Mary Peltola	1
Mary Peltola-Mary Peltola-No Vote-Nick Begich	1
overvote-Sarah Palin-Mary Peltola-Nick Begich	1
Sarah Palin-No Vote-Nick Begich-WriteIn	1
Sarah Palin-WriteIn-Nick Begich-overvote	1
Nick Begich-Nick Begich-Sarah Palin-WriteIn	1
Nick Begich-WriteIn-WriteIn-No Vote	1
Nick Begich-No Vote-Sarah Palin-Sarah Palin	1
WriteIn-No Vote-Mary Peltola-No Vote	1
Nick Begich-No Vote-Nick Begich-Mary Peltola	1
Sarah Palin-Sarah Palin-No Vote-Nick Begich	1
No Vote-WriteIn-Nick Begich-No Vote	1
No Vote-WriteIn-Sarah Palin-No Vote	1
Nick Begich-Nick Begich-WriteIn-WriteIn	1
Sarah Palin-WriteIn-overvote-No Vote	1
No Vote-overvote-Mary Peltola-No Vote	1
Nick Begich-No Vote-No Vote-Nick Begich	1
Sarah Palin-Sarah Palin-Mary Peltola-Mary Peltola	1
WriteIn-Sarah Palin-No Vote-overvote	1
WriteIn-Mary Peltola-Nick Begich-overvote	1
WriteIn-Sarah Palin-WriteIn-Mary Peltola	1
Nick Begich-Nick Begich-No Vote-Mary Peltola	1
Nick Begich-Mary Peltola-overvote-WriteIn	1
No Vote-No Vote-Mary Peltola-Sarah Palin	1
WriteIn-No Vote-Nick Begich-Sarah Palin	1
Mary Peltola-Sarah Palin-Mary Peltola-WriteIn	1
Sarah Palin-WriteIn-Sarah Palin-No Vote	1
Mary Peltola-Mary Peltola-Sarah Palin-Mary Peltola	1
Sarah Palin-Nick Begich-No Vote-overvote	1
overvote-Nick Begich-Nick Begich-No Vote	1
overvote-No Vote-Nick Begich-No Vote	1
Mary Peltola-overvote-Sarah Palin-Nick Begich	1
No Vote-Mary Peltola-overvote-WriteIn	1
No Vote-overvote-Nick Begich-overvote	1
Mary Peltola-overvote-No Vote-Nick Begich	1
overvote-Nick Begich-Mary Peltola-WriteIn	1
Mary Peltola-WriteIn-overvote-Sarah Palin	1
Nick Begich-overvote-No Vote-overvote	1
No Vote-Nick Begich-Nick Begich-No Vote	1
Mary Peltola-No Vote-Sarah Palin-Mary Peltola	1
Mary Peltola-Sarah Palin-Mary Peltola-Mary Peltola	1
WriteIn-Mary Peltola-No Vote-overvote	1
overvote-Nick Begich-Nick Begich-Sarah Palin	1
Sarah Palin-Mary Peltola-Sarah Palin-Mary Peltola	1
Mary Peltola-No Vote-Mary Peltola-No Vote	1
Nick Begich-Sarah Palin-overvote-Mary Peltola	1
overvote-No Vote-Nick Begich-Sarah Palin	1
No Vote-WriteIn-No Vote-No Vote	1
Sarah Palin-Sarah Palin-Mary Peltola-WriteIn	1
No Vote-No Vote-overvote-Nick Begich	1
overvote-No Vote-Mary Peltola-Nick Begich	1
Mary Peltola-Nick Begich-overvote-overvote	1
Sarah Palin-Mary Peltola-overvote-No Vote	1
WriteIn-Sarah Palin-WriteIn-Sarah Palin	1
WriteIn-Mary Peltola-No Vote-Nick Begich	1
WriteIn-WriteIn-Nick Begich-Sarah Palin	1
WriteIn-No Vote-Nick Begich-No Vote	1
WriteIn-Sarah Palin-WriteIn-No Vote	1
WriteIn-Nick Begich-overvote-No Vote	1
Nick Begich-WriteIn-Nick Begich-Mary Peltola	1
Sarah Palin-overvote-WriteIn-Nick Begich	1
Sarah Palin-WriteIn-WriteIn-Sarah Palin	1
Nick Begich-overvote-Sarah Palin-Nick Begich	1
Mary Peltola-Mary Peltola-Mary Peltola-Sarah Palin	1
